aborigen,aborigen,N,C,S,09620794-n
aborígenes,aborigen,N,C,P,09620794-n
aborigen australiano,aborigen_australiano,N,C,S,09676490-n
aborígenes australianos,aborigen_australiano,N,C,P,09676490-n
afgano,afgano,N,M,S,09689435-n
afganos,afgano,N,M,P,09689435-n
afgana,afgano,N,F,S,09689435-n
afganas,afgano,N,F,P,09689435-n
afroamericano,afroamericano,N,M,S,09637013-n
afroamericanos,afroamericano,N,M,P,09637013-n
afroamericana,afroamericano,N,F,S,09637013-n
afroamericanas,afroamericano,N,F,P,09637013-n
albanés,albanés,N,M,S,09689958-n
albaneses,albanés,N,M,P,09689958-n
albanesa,albanés,N,F,S,09689958-n
albanesas,albanés,N,F,P,09689958-n
alemán,alemán,N,M,S,09747722-n
alemanes,alemán,N,M,P,09747722-n
alemana,alemán,N,F,S,09747722-n
alemanas,alemán,N,F,P,09747722-n
alsaciano,alsaciano,N,M,S,09785786-n
alsacianos,alsaciano,N,M,P,09785786-n
alsaciana,alsaciano,N,F,S,09785786-n
alsacianas,alsaciano,N,F,P,09785786-n
americana,americana,N,F,S,09738400-n
americanas,americana,N,F,P,09738400-n
americano,americano,N,M,S,09738400-n
americanos,americano,N,M,P,09738400-n
americana,americana,N,F,S,09738708-n
americanas,americana,N,F,P,09738708-n
americano,americano,N,M,S,09738708-n
americanos,americano,N,M,P,09738708-n
amerindio,amerindio,N,M,S,09645091-n
amerindios,amerindio,N,M,P,09645091-n
amerindia,amerindio,N,F,S,09645091-n
amerindias,amerindio,N,F,P,09645091-n
andorrano,andorrano,N,M,S,09690496-n
andorranos,andorrano,N,M,P,09690496-n
andorrana,andorrano,N,F,S,09690496-n
andorranas,andorrano,N,F,P,09690496-n
angloamericano,angloamericano,N,M,S,09740724-n
angloamericanos,angloamericano,N,M,P,09740724-n
angloamericana,angloamericano,N,F,S,09740724-n
angloamericanas,angloamericano,N,F,P,09740724-n
anglosajón,anglosajón,N,M,S,09701977-n
anglosajones,anglosajón,N,M,P,09701977-n
anglosajona,anglosajón,N,F,S,09701977-n
anglosajonas,anglosajón,N,F,P,09701977-n
angoleño,angoleño,N,M,S,09690621-n
angoleños,angoleño,N,M,P,09690621-n
angoleña,angoleño,N,F,S,09690621-n
angoleñas,angoleño,N,F,P,09690621-n
antillano,antillano,N,M,S,10774440-n
antillana,antillano,N,F,S,10774440-n
antillanos,antillano,N,M,P,10774440-n
antillanas,antillano,N,F,P,10774440-n
apache,apache,N,C,S,09649926-n
apaches,apache,N,C,P,09649926-n
árabe,árabe,N,C,S,09729530-n
árabes,árabe,N,C,P,09729530-n
arahuaco,arahuaco,N,M,S,09803247-n
arahuaca,arahuaco,N,F,S,09803247-n
arahuacas,arahuaco,N,F,P,09803247-n
arahuacos,arahuaco,N,M,P,09803247-n
argelino,argelino,N,M,S,09690083-n
argelinos,argelino,N,M,P,09690083-n
argelina,argelino,N,F,S,09690083-n
argelinas,argelino,N,F,P,09690083-n
argentino,argentino,N,M,S,09691149-n
argentinos,argentino,N,M,P,09691149-n
argentina,argentino,N,F,S,09691149-n
argentinas,argentino,N,F,P,09691149-n
asiático,asiático,N,M,S,09641757-n
asiáticos,asiático,N,M,P,09641757-n
asiática,asiático,N,F,S,09641757-n
asiáticas,asiático,N,F,P,09641757-n
ateniense,ateniense,N,C,S,09711132-n
atenienses,ateniense,N,C,P,09711132-n
australiano,australiano,N,M,S,09691279-n
australianos,australiano,N,M,P,09691279-n
australiana,australiano,N,F,S,09691279-n
australianas,australiano,N,F,P,09691279-n
austríaco,austríaco,N,M,S,09691604-n
austríacos,austríaco,N,M,P,09691604-n
austríaca,austríaco,N,F,S,09691604-n
austríacas,austríaco,N,F,P,09691604-n
azteca,azteca,N,C,S,09648911-n
aztecas,azteca,N,C,P,09648911-n
bahameño,bahameño,N,M,S,09691729-n
bahameños,bahameño,N,M,P,09691729-n
bahameña,bahameño,N,F,S,09691729-n
bahameñas,bahameño,N,F,P,09691729-n
balcánico,balcánico,N,M,S,09709332-n
balcánicos,balcánico,N,M,P,09709332-n
balcánica,balcánico,N,F,S,09709332-n
balcánicas,balcánico,N,F,P,09709332-n
bangladesí,bangladesí,N,C,S,09691994-n
bangladesís,bangladesí,N,C,P,09691994-n
barbadense,barbadense,N,C,S,09693982-n
barbadenses,barbadense,N,C,P,09693982-n
bávaro,bávaro,N,M,S,09844457-n
bávaros,bávaro,N,M,P,09844457-n
bávara,bávaro,N,F,S,09844457-n
bávaras,bávaro,N,F,P,09844457-n
belga,belga,N,C,S,09694109-n
belgas,belga,N,C,P,09694109-n
berlinés,berlinés,N,M,S,09748408-n
berlineses,berlinés,N,M,P,09748408-n
berlinesa,berlinés,N,F,S,09748408-n
berlinesas,berlinés,N,F,P,09748408-n
bielorruso,bielorruso,N,M,S,09695979-n
bielorrusos,bielorruso,N,M,P,09695979-n
bielorrusa,bielorruso,N,F,S,09695979-n
bielorrusas,bielorruso,N,F,P,09695979-n
birmano,birmano,N,M,S,09695747-n
birmanos,birmano,N,M,P,09695747-n
birmana,birmano,N,F,S,09695747-n
birmanas,birmano,N,F,P,09695747-n
bizantino,bizantino,N,M,S,09696124-n
bizantinos,bizantino,N,M,P,09696124-n
bizantina,bizantino,N,F,S,09696124-n
bizantinas,bizantino,N,F,P,09696124-n
boliviano,boliviano,N,M,S,09694664-n
bolivianos,boliviano,N,M,P,09694664-n
boliviana,boliviano,N,F,S,09694664-n
bolivianas,boliviano,N,F,P,09694664-n
brasileño,brasileño,N,M,S,09694894-n
brasileños,brasileño,N,M,P,09694894-n
brasileña,brasileño,N,F,S,09694894-n
brasileñas,brasileño,N,F,P,09694894-n
bretón,bretón,N,M,S,09688366-n
bretones,bretón,N,M,P,09688366-n
bretona,bretón,N,F,S,09688366-n
bretonas,bretón,N,F,P,09688366-n
británico,británico,N,M,S,09700964-n
británicos,británico,N,M,P,09700964-n
británica,británico,N,F,S,09700964-n
británicas,británico,N,F,P,09700964-n
búlgaro,búlgaro,N,M,S,09695620-n
búlgaros,búlgaro,N,M,P,09695620-n
búlgara,búlgaro,N,F,S,09695620-n
búlgaras,búlgaro,N,F,P,09695620-n
burundés,burundés,N,M,S,09695871-n
burundesa,burundés,N,F,S,09695871-n
burundeses,burundés,N,M,P,09695871-n
burundesas,burundés,N,F,P,09695871-n
butanés,butanés,N,M,S,09694529-n
butanesa,butanés,N,F,S,09694529-n
butaneses,butanés,N,M,P,09694529-n
butanesas,butanés,N,F,P,09694529-n
californiano,californiano,N,M,S,09741612-n
californianos,californiano,N,M,P,09741612-n
californiana,californiano,N,F,S,09741612-n
californianas,californiano,N,F,P,09741612-n
camboyano,camboyano,N,M,S,09696280-n
camboyanos,camboyano,N,M,P,09696280-n
camboyana,camboyano,N,F,S,09696280-n
camboyanas,camboyano,N,F,P,09696280-n
camerunés,camerunés,N,M,S,09696456-n
cameruneses,camerunés,N,M,P,09696456-n
camerunesa,camerunés,N,F,S,09696456-n
camerunesas,camerunés,N,F,P,09696456-n
canadiense,canadiense,N,C,S,09696585-n
canadienses,canadiense,N,C,P,09696585-n
caribeño,caribeño,N,M,S,09726811-n
caribeños,caribeño,N,M,P,09726811-n
caribeña,caribeño,N,F,S,09726811-n
caribeñas,caribeño,N,F,P,09726811-n
catalán,catalán,N,M,S,09900284-n
catalanes,catalán,N,M,P,09900284-n
catalana,catalán,N,F,S,09900284-n
catalanas,catalán,N,F,P,09900284-n
caucásico,caucásico,N,M,S,09638875-n
caucásicos,caucásico,N,M,P,09638875-n
caucásica,caucásico,N,F,S,09638875-n
caucásicas,caucásico,N,F,P,09638875-n
celta,celta,N,C,S,09688008-n
celtas,celta,N,C,P,09688008-n
centroamericano,centroamericano,N,M,S,09697401-n
centroamericanos,centroamericano,N,M,P,09697401-n
centroamericana,centroamericano,N,F,S,09697401-n
centroamericanas,centroamericano,N,F,P,09697401-n
chadiano,chadiano,N,M,S,09697650-n
chadianos,chadiano,N,M,P,09697650-n
chadiana,chadiano,N,F,S,09697650-n
chadianas,chadiano,N,F,P,09697650-n
charro,charro,N,M,S,09722658-n
charros,charro,N,M,P,09722658-n
charra,charro,N,F,S,09722658-n
charras,charro,N,F,P,09722658-n
checo,checo,N,M,S,09699403-n
checos,checo,N,M,P,09699403-n
checa,checo,N,F,S,09699403-n
checas,checo,N,F,P,09699403-n
cheroqui,cheroqui,N,C,S,09651790-n
cheroquis,cheroqui,N,C,P,09651790-n
chileno,chileno,N,M,S,09697986-n
chilenos,chileno,N,M,P,09697986-n
chilena,chileno,N,F,S,09697986-n
chilenas,chileno,N,F,P,09697986-n
chino,chino,N,M,S,09698108-n
chinos,chino,N,M,P,09698108-n
china,chino,N,F,S,09698108-n
chinas,chino,N,F,P,09698108-n
chipriota,chipriota,N,C,S,09699020-n
chipriotas,chipriota,N,C,P,09699020-n
colombiano,colombiano,N,M,S,09698517-n
colombianos,colombiano,N,M,P,09698517-n
colombiana,colombiano,N,F,S,09698517-n
colombianas,colombiano,N,F,P,09698517-n
comanche,comanche,N,C,S,09653438-n
comanches,comanche,N,C,P,09653438-n
congoleño,congoleño,N,M,S,09698644-n
congoleños,congoleño,N,M,P,09698644-n
congoleña,congoleño,N,F,S,09698644-n
congoleñas,congoleño,N,F,P,09698644-n
congolés,congolés,N,M,S,09698644-n
congoleses,congolés,N,M,P,09698644-n
congolesa,congolés,N,F,S,09698644-n
congolesas,congolés,N,F,P,09698644-n
coreano,coreano,N,M,S,09718936-n
coreanos,coreano,N,M,P,09718936-n
coreana,coreano,N,F,S,09718936-n
coreanas,coreano,N,F,P,09718936-n
corintio,corintio,N,M,S,09711320-n
corintios,corintio,N,M,P,09711320-n
corintia,corintio,N,F,S,09711320-n
corintias,corintio,N,F,P,09711320-n
costarricense,costarricense,N,C,S,09698788-n
costarricenses,costarricense,N,C,P,09698788-n
costarriqueño,costarriqueño,N,M,S,09698788-n
costarriqueños,costarriqueño,N,M,P,09698788-n
costarriqueña,costarriqueño,N,F,S,09698788-n
costarriqueñas,costarriqueño,N,F,P,09698788-n
cretense,cretense,N,C,S,09709795-n
cretenses,cretense,N,C,P,09709795-n
criollo,criollo,N,M,S,09709673-n
criollos,criollo,N,M,P,09709673-n
criolla,criollo,N,F,S,09709673-n
criollas,criollo,N,F,P,09709673-n
croata,croata,N,C,S,09751256-n
croatas,croata,N,C,P,09751256-n
cubano,cubano,N,M,S,09698901-n
cubanos,cubano,N,M,P,09698901-n
cubana,cubano,N,F,S,09698901-n
cubanas,cubano,N,F,P,09698901-n
danés,danés,N,M,S,09699642-n
daneses,danés,N,M,P,09699642-n
danesa,danés,N,F,S,09699642-n
danesas,danés,N,F,P,09699642-n
dublinés,dublinés,N,M,S,09715427-n
dublineses,dublinés,N,M,P,09715427-n
dublinesas,dublinés,N,F,P,09715427-n
dublinesa,dublinés,N,F,S,09715427-n
ecuatoriano,ecuatoriano,N,M,S,09700371-n
ecuatorianos,ecuatoriano,N,M,P,09700371-n
ecuatoriana,ecuatoriano,N,F,S,09700371-n
ecuatorianas,ecuatoriano,N,F,P,09700371-n
egipcio,egipcio,N,M,S,09700492-n
egipcios,egipcio,N,M,P,09700492-n
egipcia,egipcio,N,F,S,09700492-n
egipcias,egipcio,N,F,P,09700492-n
escandinavo,escandinavo,N,M,S,09730204-n
escandinavos,escandinavo,N,M,P,09730204-n
escandinava,escandinavo,N,F,S,09730204-n
escandinavas,escandinavo,N,F,P,09730204-n
escocés,escocés,N,M,S,09730533-n
escoceses,escocés,N,M,P,09730533-n
escocesa,escocés,N,F,S,09730533-n
escocesas,escocés,N,F,P,09730533-n
eslovaco,eslovaco,N,M,S,09699536-n
eslovacos,eslovaco,N,M,P,09699536-n
eslovaca,eslovaco,N,F,S,09699536-n
eslovacas,eslovaco,N,F,P,09699536-n
esloveno,esloveno,N,M,S,09749753-n
eslovenos,esloveno,N,M,P,09749753-n
eslovena,esloveno,N,F,S,09749753-n
eslovenas,esloveno,N,F,P,09749753-n
esloveno,esloveno,N,M,S,09731343-n
eslovenos,esloveno,N,M,P,09731343-n
eslovena,esloveno,N,F,S,09731343-n
eslovenas,esloveno,N,F,P,09731343-n
español,español,N,M,S,09731906-n
españoles,español,N,M,P,09731906-n
española,español,N,F,S,09731906-n
españolas,español,N,F,P,09731906-n
espartano,espartano,N,M,S,09711661-n
espartanos,espartano,N,M,P,09711661-n
espartana,espartano,N,F,S,09711661-n
espartanas,espartano,N,F,P,09711661-n
esquimal,esquimal,N,C,S,10063635-n
esquimales,esquimal,N,C,P,10063635-n
estadounidense,estadounidense,N,C,S,09738708-n
estadounidenses,estadounidense,N,C,P,09738708-n
etíope,etíope,N,C,S,09705124-n
etíopes,etíope,N,C,P,09705124-n
etrusco,etrusco,N,M,S,09716643-n
etruscos,etrusco,N,M,P,09716643-n
etrusca,etrusco,N,F,S,09716643-n
etruscas,etrusco,N,F,P,09716643-n
euroasiático,euroasiático,N,M,S,09686401-n
euroasiáticos,euroasiático,N,M,P,09686401-n
euroasiática,euroasiático,N,F,S,09686401-n
euroasiáticas,euroasiático,N,F,P,09686401-n
europeo,europeo,N,M,S,09686536-n
europeos,europeo,N,M,P,09686536-n
europea,europeo,N,F,S,09686536-n
europeas,europeo,N,F,P,09686536-n
filipino,filipino,N,M,S,09727440-n
filipinos,filipino,N,M,P,09727440-n
filipina,filipino,N,F,S,09727440-n
filipinas,filipino,N,F,P,09727440-n
finlandés,finlandés,N,M,S,09706029-n
finlandeses,finlandés,N,M,P,09706029-n
finlandesa,finlandés,N,F,S,09706029-n
finlandesas,finlandés,N,F,P,09706029-n
francés,francés,N,M,S,09708405-n
franceses,francés,N,M,P,09708405-n
francesa,francés,N,F,S,09708405-n
francesas,francés,N,F,P,09708405-n
gabonés,gabonés,N,M,S,09710041-n
gaboneses,gabonés,N,M,P,09710041-n
gabonesa,gabonés,N,F,S,09710041-n
gabonesas,gabonés,N,F,P,09710041-n
galés,galés,N,M,S,09747329-n
galeses,galés,N,M,P,09747329-n
galesa,galés,N,F,S,09747329-n
galesas,galés,N,F,P,09747329-n
galo,galo,N,M,S,09688487-n
galos,galo,N,M,P,09688487-n
gala,galo,N,F,S,09688487-n
galas,galo,N,F,P,09688487-n
gambiana,gambiano,N,F,S,09747495-n
gambiano,gambiano,N,M,S,09747495-n
gambianos,gambiano,N,M,P,09747495-n
gambianas,gambiano,N,F,P,09747495-n
georgiano,georgiano,N,M,S,09729156-n
georgianos,georgiano,N,M,P,09729156-n
georgiana,georgiano,N,F,S,09729156-n
georgianas,georgiano,N,F,P,09729156-n
gibraltareño,gibraltareño,N,M,S,09749011-n
gibraltareños,gibraltareño,N,M,P,09749011-n
gibraltareña,gibraltareño,N,F,S,09749011-n
gibraltareñas,gibraltareño,N,F,P,09749011-n
granadina,granadina,N,F,S,09749260-n
granadinas,granadina,N,F,P,09749260-n
granadino,granadino,N,M,S,09749260-n
granadinos,granadino,N,M,P,09749260-n
granadina,granadino,N,F,S,09749260-n
granadinas,granadino,N,F,P,09749260-n
griego,griego,N,M,S,09710164-n
griegos,griego,N,M,P,09710164-n
griega,griego,N,F,S,09710164-n
griegas,griego,N,F,P,09710164-n
guatemalteco,guatemalteco,N,M,S,09712195-n
guatemaltecos,guatemalteco,N,M,P,09712195-n
guatemalteca,guatemalteco,N,F,S,09712195-n
guatemaltecas,guatemalteco,N,F,P,09712195-n
guineana,guineano,N,F,S,09749386-n
guineano,guineano,N,M,S,09749386-n
guineanos,guineano,N,M,P,09749386-n
guineanas,guineano,N,F,P,09749386-n
guyanés,guyanés,N,M,S,09712324-n
guyanesa,guyanés,N,F,S,09712324-n
guyanesas,guyanés,N,F,P,09712324-n
guyaneses,guyanés,N,M,P,09712324-n
haitiano,haitiano,N,M,S,09712448-n
haitianos,haitiano,N,M,P,09712448-n
haitiana,haitiano,N,F,S,09712448-n
haitianas,haitiano,N,F,P,09712448-n
hawaiano,hawaiano,N,M,S,09742569-n
hawaianos,hawaiano,N,M,P,09742569-n
hawaiana,hawaiano,N,F,S,09742569-n
hawaianas,hawaiano,N,F,P,09742569-n
heleno,heleno,N,M,S,09710164-n
helenos,heleno,N,M,P,09710164-n
helena,heleno,N,F,S,09710164-n
helenas,heleno,N,F,P,09710164-n
hindú,hindú,N,C,S,09713501-n
hindúes,hindú,N,C,P,09713501-n
hispano,hispano,N,M,S,10629647-n
hispanos,hispano,N,M,P,10629647-n
hispana,hispano,N,F,S,10629647-n
hispanas,hispano,N,F,P,10629647-n
holandés,holandés,N,M,S,09713108-n
holandeses,holandés,N,M,P,09713108-n
holandesa,holandés,N,F,S,09713108-n
holandesas,holandés,N,F,P,09713108-n
hondureño,hondureño,N,M,S,09712570-n
hondureños,hondureño,N,M,P,09712570-n
hondureña,hondureño,N,F,S,09712570-n
hondureñas,hondureño,N,F,P,09712570-n
húngaro,húngaro,N,M,S,09713985-n
húngaros,húngaro,N,M,P,09713985-n
húngara,húngaro,N,F,S,09713985-n
húngaras,húngaro,N,F,P,09713985-n
inca,inca,N,C,S,09727191-n
incas,inca,N,C,P,09727191-n
indiano,indiano,N,M,S,09743016-n
indianos,indiano,N,M,P,09743016-n
indiana,indiano,N,F,S,09743016-n
indianas,indiano,N,F,P,09743016-n
indígena,indígena,N,C,S,09620794-n
indígenas,indígena,N,C,P,09620794-n
indio,indio,N,M,S,09645091-n
indios,indio,N,M,P,09645091-n
india,indio,N,F,S,09645091-n
indias,indio,N,F,P,09645091-n
indonesio,indonesio,N,M,S,09714264-n
indonesios,indonesio,N,M,P,09714264-n
indonesia,indonesio,N,F,S,09714264-n
indonesias,indonesio,N,F,P,09714264-n
indostánico,indostánico,N,M,S,09713501-n
indostánicos,indostánico,N,M,P,09713501-n
indostánica,indostánico,N,F,S,09713501-n
indostánicas,indostánico,N,F,P,09713501-n
inglés,inglés,N,M,S,09701148-n
ingleses,inglés,N,M,P,09701148-n
inglesa,inglés,N,F,S,09701148-n
inglesas,inglés,N,F,P,09701148-n
iraní,iraní,N,C,S,09714429-n
iraníes,iraní,N,C,P,09714429-n
iraquí,iraquí,N,C,S,09714694-n
iraquíes,iraquí,N,C,P,09714694-n
irlandés,irlandés,N,M,S,09714952-n
irlandeses,irlandés,N,M,P,09714952-n
irlandesa,irlandés,N,F,S,09714952-n
irlandesas,irlandés,N,F,P,09714952-n
islandés,islandés,N,M,S,09714120-n
islandeses,islandés,N,M,P,09714120-n
islandesa,islandés,N,F,S,09714120-n
islandesas,islandés,N,F,P,09714120-n
israelí,israelí,N,C,S,09715833-n
israelíes,israelí,N,C,P,09715833-n
israelís,israelí,N,C,P,09715833-n
israelita,israelita,N,C,S,09715685-n
israelitas,israelita,N,C,P,09715685-n
italiano,italiano,N,M,S,09716047-n
italianos,italiano,N,M,P,09716047-n
italiana,italiano,N,F,S,09716047-n
italianas,italiano,N,F,P,09716047-n
jamaicano,jamaicano,N,M,S,09718092-n
jamaicanos,jamaicano,N,M,P,09718092-n
jamaicana,jamaicano,N,F,S,09718092-n
jamaicanas,jamaicano,N,F,P,09718092-n
japonés,japonés,N,M,S,09718217-n
japoneses,japonés,N,M,P,09718217-n
japonesa,japonés,N,F,S,09718217-n
japonesas,japonés,N,F,P,09718217-n
javanés,javanés,N,M,S,10220080-n
javaneses,javanés,N,M,P,10220080-n
javanesa,javanés,N,F,S,10220080-n
javanesas,javanés,N,F,P,10220080-n
jordano,jordano,N,M,S,09718811-n
jordanos,jordano,N,M,P,09718811-n
jordana,jordano,N,F,S,09718811-n
jordanas,jordano,N,F,P,09718811-n
keniano,keniano,N,M,S,09719309-n
kenianos,keniano,N,M,P,09719309-n
keniana,keniano,N,F,S,09719309-n
kenianas,keniano,N,F,P,09719309-n
kiwi,kiwi,N,C,S,09724533-n
kiwis,kiwi,N,C,P,09724533-n
kurdo,kurdo,N,M,S,09719430-n
kurdos,kurdo,N,M,P,09719430-n
kurda,kurdo,N,F,S,09719430-n
kurdas,kurdo,N,F,P,09719430-n
kuwaití,kuwaití,N,C,S,09719653-n
kuwaitíes,kuwaití,N,C,P,09719653-n
laosiano,laosiano,N,M,S,09719794-n
laosianos,laosiano,N,M,P,09719794-n
laosiana,laosiano,N,F,S,09719794-n
laosianas,laosiano,N,F,P,09719794-n
lapón,lapón,N,M,S,09720033-n
lapones,lapón,N,M,P,09720033-n
lapona,lapón,N,F,S,09720033-n
laponas,lapón,N,F,P,09720033-n
latino,latino,N,M,S,09720256-n
latinos,latino,N,M,P,09720256-n
latina,latino,N,F,S,09720256-n
latinas,latino,N,F,P,09720256-n
latinoamericano,latinoamericano,N,M,S,09720256-n
latinoamericanos,latinoamericano,N,M,P,09720256-n
latinoamericana,latinoamericano,N,F,S,09720256-n
latinoamericanas,latinoamericano,N,F,P,09720256-n
letón,letón,N,M,S,09707166-n
letona,letón,N,F,S,09707166-n
letonos,letón,N,M,P,09707166-n
letonas,letón,N,F,P,09707166-n
levantino,levantino,N,M,S,09720702-n
levantinos,levantino,N,M,P,09720702-n
levantina,levantino,N,F,S,09720702-n
levantinas,levantino,N,F,P,09720702-n
libanés,libanés,N,M,S,09720595-n
libaneses,libanés,N,M,P,09720595-n
libanesa,libanés,N,F,S,09720595-n
libanesas,libanés,N,F,P,09720595-n
liberiano,liberiano,N,M,S,09720842-n
liberianos,liberiano,N,M,P,09720842-n
liberiana,liberiano,N,F,S,09720842-n
liberianas,liberiano,N,F,P,09720842-n
libio,libio,N,M,S,09720967-n
libios,libio,N,M,P,09720967-n
libia,libio,N,F,S,09720967-n
libias,libio,N,F,P,09720967-n
lituano,lituano,N,M,S,09707289-n
lituanos,lituano,N,M,P,09707289-n
lituana,lituano,N,F,S,09707289-n
lituanas,lituano,N,F,P,09707289-n
lombardo,lombardo,N,M,S,09703344-n
lombardos,lombardo,N,M,P,09703344-n
lombarda,lombardo,N,F,S,09703344-n
lombardas,lombardo,N,F,P,09703344-n
londinense,londinense,N,C,S,09704630-n
londinenses,londinense,N,C,P,09704630-n
luxemburgués,luxemburgués,N,M,S,09721244-n
luxemburgueses,luxemburgués,N,M,P,09721244-n
luxemburguesa,luxemburgués,N,F,S,09721244-n
luxemburguesas,luxemburgués,N,F,P,09721244-n
macedónico,macedónico,N,M,S,09721444-n
macedónicos,macedónico,N,M,P,09721444-n
macedónica,macedónico,N,F,S,09721444-n
macedónicas,macedónico,N,F,P,09721444-n
magiar,magiar,N,C,S,09713985-n
magiares,magiar,N,C,P,09713985-n
malayo,malayo,N,M,S,09712696-n
malayos,malayo,N,M,P,09712696-n
malaya,malayo,N,F,S,09712696-n
malayas,malayo,N,F,P,09712696-n
malgache,malgache,N,C,S,09721647-n
malgaches,malgache,N,C,P,09721647-n
maltés,maltés,N,M,S,09747618-n
malteses,maltés,N,M,P,09747618-n
maltesa,maltés,N,F,S,09747618-n
maltesas,maltés,N,F,P,09747618-n
marroquí,marroquí,N,C,S,09723564-n
marroquíes,marroquí,N,C,P,09723564-n
mauritano,mauritano,N,M,S,09722530-n
mauritanos,mauritano,N,M,P,09722530-n
mauritana,mauritano,N,F,S,09722530-n
mauritanas,mauritano,N,F,P,09722530-n
maya,maya,N,C,S,09648309-n
mayas,maya,N,C,P,09648309-n
mejicano,mejicano,N,M,S,09722658-n
mejicanos,mejicano,N,M,P,09722658-n
mejicana,mejicano,N,F,S,09722658-n
mejicanas,mejicano,N,F,P,09722658-n
mexicano,mexicano,N,M,S,09722658-n
mexicanos,mexicano,N,M,P,09722658-n
mexicana,mexicano,N,F,S,09722658-n
mexicanas,mexicano,N,F,P,09722658-n
mohicano,mohicano,N,M,S,09661731-n
mohicanos,mohicano,N,M,P,09661731-n
mohicana,mohicano,N,F,S,09661731-n
mohicanas,mohicano,N,F,P,09661731-n
monegasco,monegasco,N,M,S,10327987-n
monegascos,monegasco,N,M,P,10327987-n
monegasca,monegasco,N,F,S,10327987-n
monegascas,monegasco,N,F,P,10327987-n
moscovita,moscovita,N,C,S,09729062-n
moscovitas,moscovita,N,C,P,09729062-n
mozambiqueño,mozambiqueño,N,M,S,09723689-n
mozambiqueños,mozambiqueño,N,M,P,09723689-n
mozambiqueña,mozambiqueño,N,F,S,09723689-n
mozambiqueñas,mozambiqueño,N,F,P,09723689-n
náhuatl,náhuatl,N,C,S,09648743-n
náhuatls,náhuatl,N,C,S,09648743-n
namibio,namibio,N,M,S,09723819-n
namibios,namibio,N,M,P,09723819-n
namibia,namibio,N,F,S,09723819-n
namibias,namibio,N,F,P,09723819-n
napolitano,napolitano,N,M,S,10350666-n
napolitanos,napolitano,N,M,P,10350666-n
napolitana,napolitano,N,F,S,10350666-n
napolitanas,napolitano,N,F,P,10350666-n
navajo,navajo,N,M,S,09662661-n
navajos,navajo,N,M,P,09662661-n
navaja,navajo,N,F,S,09662661-n
navajas,navajo,N,F,P,09662661-n
neerlandés,neerlandés,N,M,S,09713108-n
neerlandeses,neerlandés,N,M,P,09713108-n
neerlandesa,neerlandés,N,F,S,09713108-n
neerlandesas,neerlandés,N,F,P,09713108-n
neocelandés,neocelandés,N,M,S,09724533-n
neocelandeses,neocelandés,N,M,P,09724533-n
neocelandesa,neocelandés,N,F,S,09724533-n
neocelandesas,neocelandés,N,F,P,09724533-n
neoyorquino,neoyorquino,N,M,S,09744679-n
neoyorquinos,neoyorquino,N,M,P,09744679-n
neoyorquina,neoyorquino,N,F,S,09744679-n
neoyorquinas,neoyorquino,N,F,P,09744679-n
neozelandés,neozelandés,N,M,S,09724533-n
neozelandeses,neozelandés,N,M,P,09724533-n
neozelandesa,neozelandés,N,F,S,09724533-n
neozelandesas,neozelandés,N,F,P,09724533-n
nepalí,nepalí,N,C,S,09724066-n
nepalíes,nepalí,N,C,P,09724066-n
nicaragüense,nicaragüense,N,C,S,09724656-n
nicaragüenses,nicaragüense,N,C,P,09724656-n
nigeriano,nigeriano,N,M,S,09724785-n
nigerianos,nigeriano,N,M,P,09724785-n
nigeriana,nigeriano,N,F,S,09724785-n
nigerianas,nigeriano,N,F,P,09724785-n
nipón,nipón,N,M,S,09718217-n
nipones,nipón,N,M,P,09718217-n
nipona,nipón,N,F,S,09718217-n
niponas,nipón,N,F,P,09718217-n
normando,normando,N,M,S,09713260-n
normandos,normando,N,M,P,09713260-n
normanda,normando,N,F,S,09713260-n
normandas,normando,N,F,P,09713260-n
norteamericano,norteamericano,N,M,S,09738708-n
norteamericanos,norteamericano,N,M,P,09738708-n
norteamericana,norteamericano,N,F,S,09738708-n
norteamericanas,norteamericano,N,F,P,09738708-n
norteño,norteño,N,M,S,09730204-n
norteños,norteño,N,M,P,09730204-n
norteña,norteño,N,F,S,09730204-n
norteñas,norteño,N,F,P,09730204-n
noruego,noruego,N,M,S,09725402-n
noruegos,noruego,N,M,P,09725402-n
noruega,noruego,N,F,S,09725402-n
noruegas,noruego,N,F,P,09725402-n
occidental,occidental,N,C,S,10774329-n
occidentales,occidental,N,C,P,10774329-n
panameño,panameño,N,M,S,09726120-n
panameños,panameño,N,M,P,09726120-n
panameña,panameño,N,F,S,09726120-n
panameñas,panameño,N,F,P,09726120-n
paquistaní,paquistaní,N,C,S,09725772-n
paquistaníes,paquistaní,N,C,P,09725772-n
paraguayano,paraguayano,N,M,S,09726246-n
paraguayanos,paraguayano,N,M,P,09726246-n
paraguayana,paraguayano,N,F,S,09726246-n
paraguayanas,paraguayano,N,F,P,09726246-n
parisino,parisino,N,M,S,09708750-n
parisinos,parisino,N,M,P,09708750-n
parisina,parisino,N,F,S,09708750-n
parisinas,parisino,N,F,P,09708750-n
pensilvano,pensilvano,N,M,S,09745324-n
pensilvanos,pensilvano,N,M,P,09745324-n
pensilvana,pensilvano,N,F,S,09745324-n
pensilvanas,pensilvano,N,F,P,09745324-n
peruano,peruano,N,M,S,09726499-n
peruanos,peruano,N,M,P,09726499-n
peruana,peruano,N,F,S,09726499-n
peruanas,peruano,N,F,P,09726499-n
piel roja,piel_roja,N,C,S,09645091-n
pieles rojas,piel_roja,N,C,P,09645091-n
polaco,polaco,N,M,S,09727627-n
polacos,polaco,N,M,P,09727627-n
polaca,polaco,N,F,S,09727627-n
polacas,polaco,N,F,P,09727627-n
polinesio,polinesio,N,M,S,09727826-n
polinesios,polinesio,N,M,P,09727826-n
polinesia,polinesio,N,F,S,09727826-n
polinesias,polinesio,N,F,P,09727826-n
polonés,polonés,N,M,S,09727627-n
poloneses,polonés,N,M,P,09727627-n
polonesa,polonés,N,F,S,09727627-n
polonesas,polonés,N,F,P,09727627-n
portorriqueño,portorriqueño,N,M,S,09746725-n
portorriqueños,portorriqueño,N,M,P,09746725-n
portorriqueña,portorriqueño,N,F,S,09746725-n
portorriqueñas,portorriqueño,N,F,P,09746725-n
portugués,portugués,N,M,S,09728009-n
portugueses,portugués,N,M,P,09728009-n
portuguesa,portugués,N,F,S,09728009-n
portuguesas,portugués,N,F,P,09728009-n
prusiano,prusiano,N,M,S,09748648-n
prusianos,prusiano,N,M,P,09748648-n
prusiana,prusiano,N,F,S,09748648-n
prusianas,prusiano,N,F,P,09748648-n
puertorriqueño,puertorriqueño,N,M,S,09746725-n
puertorriqueños,puertorriqueño,N,M,P,09746725-n
puertorriqueña,puertorriqueño,N,F,S,09746725-n
puertorriqueñas,puertorriqueño,N,F,P,09746725-n
romano,romano,N,M,S,09717047-n
romanos,romano,N,M,P,09717047-n
romana,romano,N,F,S,09717047-n
romanas,romano,N,F,P,09717047-n
rumano,rumano,N,M,S,09728285-n
rumanos,rumano,N,M,P,09728285-n
rumana,rumano,N,F,S,09728285-n
rumanas,rumano,N,F,P,09728285-n
ruso,ruso,N,M,S,09728403-n
rusos,ruso,N,M,P,09728403-n
rusa,ruso,N,F,S,09728403-n
rusas,ruso,N,F,P,09728403-n
sajón,sajón,N,M,S,09702836-n
sajones,sajón,N,M,P,09702836-n
sajona,sajón,N,F,S,09702836-n
sajonas,sajón,N,F,P,09702836-n
salvadoreño,salvadoreño,N,M,S,09700823-n
salvadoreños,salvadoreño,N,M,P,09700823-n
salvadoreña,salvadoreño,N,F,S,09700823-n
salvadoreñas,salvadoreño,N,F,P,09700823-n
samoana,samoano,N,F,S,09729271-n
samoano,samoano,N,M,S,09729271-n
samoanos,samoano,N,M,P,09729271-n
samoanas,samoano,N,F,P,09729271-n
sardo,sardo,N,M,S,10552285-n
sardos,sardo,N,M,P,10552285-n
sarda,sardo,N,F,S,10552285-n
sardas,sardo,N,F,P,10552285-n
saudíes,saudí,N,C,P,09729387-n
saudí,saudí,N,C,S,09729387-n
senegalés,senegalés,N,M,S,09730824-n
senegaleses,senegalés,N,M,P,09730824-n
senegalesa,senegalés,N,F,S,09730824-n
senegalesas,senegalés,N,F,P,09730824-n
serbio,serbio,N,M,S,09751076-n
serbios,serbio,N,M,P,09751076-n
serbia,serbio,N,F,S,09751076-n
serbias,serbio,N,F,P,09751076-n
sherpa,sherpa,N,C,S,09733028-n
sherpas,sherpa,N,C,P,09733028-n
siberiano,siberiano,N,M,S,09731082-n
siberianos,siberiano,N,M,P,09731082-n
siberiana,siberiano,N,F,S,09731082-n
siberianas,siberiano,N,F,P,09731082-n
siciliano,siciliano,N,M,S,09717566-n
sicilianos,siciliano,N,M,P,09717566-n
siciliana,siciliano,N,F,S,09717566-n
sicilianas,siciliano,N,F,P,09717566-n
sioux,sioux,N,C,N,09669125-n
sirio,sirio,N,M,S,09733459-n
sirios,sirio,N,M,P,09733459-n
siria,sirio,N,F,S,09733459-n
sirias,sirio,N,F,P,09733459-n
siux,siux,N,C,N,09669125-n
somalí,somalí,N,C,S,09749880-n
somalíes,somalí,N,C,P,09749880-n
sudafricano,sudafricano,N,M,S,09731436-n
sudafricanos,sudafricano,N,M,P,09731436-n
sudafricana,sudafricano,N,F,S,09731436-n
sudafricanas,sudafricano,N,F,P,09731436-n
sudamericano,sudamericano,N,M,S,09731571-n
sudamericanos,sudamericano,N,M,P,09731571-n
sudamericana,sudamericano,N,F,S,09731571-n
sudamericanas,sudamericano,N,F,P,09731571-n
sudanés,sudanés,N,M,S,09732170-n
sudaneses,sudanés,N,M,P,09732170-n
sudanesa,sudanés,N,F,S,09732170-n
sudanesas,sudanés,N,F,P,09732170-n
sueco,sueco,N,M,S,09732441-n
suecos,sueco,N,M,P,09732441-n
sueca,sueco,N,F,S,09732441-n
suecas,sueco,N,F,P,09732441-n
suramericano,suramericano,N,M,S,09731571-n
suramericanos,suramericano,N,M,P,09731571-n
suramericana,suramericano,N,F,S,09731571-n
suramericanas,suramericano,N,F,P,09731571-n
surcoreano,surcoreano,N,M,S,09719207-n
surcoreanos,surcoreano,N,M,P,09719207-n
surcoreana,surcoreano,N,F,S,09719207-n
surcoreanas,surcoreano,N,F,P,09719207-n
sureño,sureño,N,M,S,10628222-n
sureños,sureño,N,M,P,10628222-n
sureña,sureño,N,F,S,10628222-n
sureñas,sureño,N,F,P,10628222-n
tahitiano,tahitiano,N,M,S,09733793-n
tahitianos,tahitiano,N,M,P,09733793-n
tahitiana,tahitiano,N,F,S,09733793-n
tahitianas,tahitiano,N,F,P,09733793-n
tailandés,tailandés,N,M,S,09734294-n
tailandeses,tailandés,N,M,P,09734294-n
tailandesa,tailandés,N,F,S,09734294-n
tailandesas,tailandés,N,F,P,09734294-n
taiwanés,taiwanés,N,M,S,09733899-n
taiwaneses,taiwanés,N,M,P,09733899-n
taiwanesa,taiwanés,N,F,S,09733899-n
taiwanesas,taiwanés,N,F,P,09733899-n
tanzano,tanzano,N,M,S,09734185-n
tanzanos,tanzano,N,M,P,09734185-n
tanzana,tanzano,N,F,S,09734185-n
tanzanas,tanzano,N,F,P,09734185-n
tejano,tejano,N,M,S,09745834-n
tejanos,tejano,N,M,P,09745834-n
tejana,tejano,N,F,S,09745834-n
tejanas,tejano,N,F,P,09745834-n
teutón,teutón,N,M,S,09689152-n
teutones,teutón,N,M,P,09689152-n
teutona,teutón,N,F,S,09689152-n
teutonas,teutón,N,F,P,09689152-n
toscano,toscano,N,M,S,09717696-n
toscanos,toscano,N,M,P,09717696-n
toscana,toscano,N,F,S,09717696-n
toscanas,toscano,N,F,P,09717696-n
trinitario,trinitario,N,M,S,10729711-n
trinitarios,trinitario,N,M,P,10729711-n
trinitaria,trinitario,N,F,S,10729711-n
trinitarias,trinitario,N,F,P,10729711-n
tuareg,tuareg,N,C,S,09734639-n
tuaregs,tuareg,N,C,P,09734639-n
tunecí,tunecí,N,C,S,09734760-n
tunecíes,tunecí,N,C,P,09734760-n
tunecino,tunecino,N,M,S,09734760-n
tunecinos,tunecino,N,M,P,09734760-n
tunecina,tunecino,N,F,S,09734760-n
tunecinas,tunecino,N,F,P,09734760-n
turco,turco,N,M,S,09734885-n
turcos,turco,N,M,P,09734885-n
turca,turco,N,F,S,09734885-n
turcas,turco,N,F,P,09734885-n
ucraniano,ucraniano,N,M,S,09737050-n
ucranianos,ucraniano,N,M,P,09737050-n
ucraniana,ucraniano,N,F,S,09737050-n
ucranianas,ucraniano,N,F,P,09737050-n
ugandés,ugandés,N,M,S,09736945-n
ugandeses,ugandés,N,M,P,09736945-n
ugandesa,ugandés,N,F,S,09736945-n
ugandesas,ugandés,N,F,P,09736945-n
uruguayo,uruguayo,N,M,S,09746936-n
uruguayos,uruguayo,N,M,P,09746936-n
uruguaya,uruguayo,N,F,S,09746936-n
uruguayas,uruguayo,N,F,P,09746936-n
vasco,vasco,N,M,S,09692250-n
vascos,vasco,N,M,P,09692250-n
vasca,vasco,N,F,S,09692250-n
vascas,vasco,N,F,P,09692250-n
veneciano,veneciano,N,M,S,09717454-n
venecianos,veneciano,N,M,P,09717454-n
veneciana,veneciano,N,F,S,09717454-n
venecianas,veneciano,N,F,P,09717454-n
venezolano,venezolano,N,M,S,09747062-n
venezolanos,venezolano,N,M,P,09747062-n
venezolana,venezolano,N,F,S,09747062-n
venezolanas,venezolano,N,F,P,09747062-n
vietnamita,vietnamita,N,C,S,09747191-n
vietnamitas,vietnamita,N,C,P,09747191-n
vikingo,vikingo,N,M,S,09730383-n
vikingos,vikingo,N,M,P,09730383-n
vikinga,vikingo,N,F,S,09730383-n
vikingas,vikingo,N,F,P,09730383-n
virginiano,virginiano,N,M,S,09746101-n
visigodo,visigodo,N,M,S,10756261-n
visigodos,visigodo,N,M,P,10756261-n
visigoda,visigodo,N,F,S,10756261-n
visigodas,visigodo,N,F,P,10756261-n
washingtoniano,washingtoniano,N,M,S,09746314-n
washingtonianos,washingtoniano,N,M,P,09746314-n
washingtoniana,washingtoniano,N,F,S,09746314-n
washingtonianas,washingtoniano,N,F,P,09746314-n
wichita,wichita,N,C,S,09671974-n
wichitas,wichita,N,C,P,09671974-n
yanqui,yanqui,N,C,S,10802283-n
yanquis,yanqui,N,C,P,10802283-n
yemení,yemení,N,C,S,09750770-n
yemeníes,yemení,N,C,P,09750770-n
yucateco,yucateco,N,M,S,09672963-n
yucatecos,yucateco,N,M,P,09672963-n
yucateca,yucateco,N,F,S,09672963-n
yucatecas,yucateco,N,F,P,09672963-n
yugoslavo,yugoslavo,N,M,S,09750891-n
yugoslavos,yugoslavo,N,M,P,09750891-n
yugoslava,yugoslavo,N,F,S,09750891-n
yugoslavas,yugoslavo,N,F,P,09750891-n